<annotation>
	<folder>ok_images_204.67</folder>
	<filename>CERTIF_HHN_1955_AEB_20220224_112627_3487.684_event_Signal_name1_Expressway_End_After_2.jpg</filename>
	<path>C:\Users\z041197\OneDrive - Alliance\GT_Labelling_CV\ok_images_204.67\CERTIF_HHN_1955_AEB_20220224_112627_3487.684_event_Signal_name1_Expressway_End_After_2.jpg</path>
	<source>
		<database>Unknown</database>
	</source>
	<Location>
		<type>HighWay</type>
	</Location>
	<Environment>
		<type>Sunny</type>
	</Environment>
	<size>
		<width>1280</width>
		<height>720</height>
		<depth>3</depth>
	</size>
	<segmented>0</segmented>
	<object>
		<name>Expressway_End</name>
		<pose>Unspecified</pose>
		<truncated>0</truncated>
		<difficult>0</difficult>
		<bndbox>
			<xmin>179</xmin>
			<ymin>235</ymin>
			<xmax>203</xmax>
			<ymax>274</ymax>
		</bndbox>
	</object>
	<object>
		<name>Expressway_End</name>
		<pose>Unspecified</pose>
		<truncated>0</truncated>
		<difficult>0</difficult>
		<bndbox>
			<xmin>758</xmin>
			<ymin>223</ymin>
			<xmax>785</xmax>
			<ymax>263</ymax>
		</bndbox>
	</object>
</annotation>
