<annotation>
	<folder>ok_images_204.67</folder>
	<filename>CERTIF_HHN_1955_AEB_20220223_131835_2187.299_event_Signal_name0_Motorway_Begin_After_1.jpg</filename>
	<path>C:\Users\z041197\OneDrive - Alliance\GT_Labelling_CV\ok_images_204.67\CERTIF_HHN_1955_AEB_20220223_131835_2187.299_event_Signal_name0_Motorway_Begin_After_1.jpg</path>
	<source>
		<database>Unknown</database>
	</source>
	<Location>
		<type>HighWay</type>
	</Location>
	<Environment>
		<type>Sunny</type>
	</Environment>
	<size>
		<width>1280</width>
		<height>720</height>
		<depth>3</depth>
	</size>
	<segmented>0</segmented>
	<object>
		<name>Motorway_Begin</name>
		<pose>Unspecified</pose>
		<truncated>0</truncated>
		<difficult>0</difficult>
		<bndbox>
			<xmin>241</xmin>
			<ymin>204</ymin>
			<xmax>277</xmax>
			<ymax>257</ymax>
		</bndbox>
	</object>
	<object>
		<name>Motorway_Begin</name>
		<pose>Unspecified</pose>
		<truncated>0</truncated>
		<difficult>0</difficult>
		<bndbox>
			<xmin>823</xmin>
			<ymin>170</ymin>
			<xmax>863</xmax>
			<ymax>225</ymax>
		</bndbox>
	</object>
</annotation>
