<annotation>
	<folder>output_ok_cases_204.67</folder>
	<filename>CERTIF_HHN_1955_AEB_20220302_140712_2482.561_event_Signal_name1_Playground_Residential_Area_Begin_After_2.jpg</filename>
	<path>C:\Users\z040320\Downloads\204.67\output_ok_cases_204.67\CERTIF_HHN_1955_AEB_20220302_140712_2482.561_event_Signal_name1_Playground_Residential_Area_Begin_After_2.jpg</path>
	<source>
		<database>Unknown</database>
	</source>
	<Location>
		<type>Country</type>
	</Location>
	<Environment>
		<type>Sunny</type>
	</Environment>
	<size>
		<width>1280</width>
		<height>720</height>
		<depth>3</depth>
	</size>
	<segmented>0</segmented>
	<object>
		<name>End_Of_Playground_Residential_Area</name>
		<pose>Unspecified</pose>
		<truncated>0</truncated>
		<difficult>0</difficult>
		<bndbox>
			<xmin>766</xmin>
			<ymin>130</ymin>
			<xmax>829</xmax>
			<ymax>184</ymax>
		</bndbox>
	</object>
</annotation>
