<annotation>
	<folder>ok_images_204.67</folder>
	<filename>CERTIF_HHN_1955_AEB_20220222_102701_771.592_event_Signal_name0_Regular_End_Of_Motorway_Origin.jpg</filename>
	<path>C:\Users\z041197\OneDrive - Alliance\GT_Labelling_CV\ok_images_204.67\CERTIF_HHN_1955_AEB_20220222_102701_771.592_event_Signal_name0_Regular_End_Of_Motorway_Origin.jpg</path>
	<source>
		<database>Unknown</database>
	</source>
	<Location>
		<type>HighWay</type>
	</Location>
	<Environment>
		<type>Sunny</type>
	</Environment>
	<size>
		<width>1280</width>
		<height>720</height>
		<depth>3</depth>
	</size>
	<segmented>0</segmented>
	<object>
		<name>Regular_End_Of_Motorway</name>
		<pose>Unspecified</pose>
		<truncated>0</truncated>
		<difficult>0</difficult>
		<bndbox>
			<xmin>319</xmin>
			<ymin>245</ymin>
			<xmax>351</xmax>
			<ymax>293</ymax>
		</bndbox>
	</object>
	<object>
		<name>Regular_End_Of_Motorway</name>
		<pose>Unspecified</pose>
		<truncated>0</truncated>
		<difficult>0</difficult>
		<bndbox>
			<xmin>803</xmin>
			<ymin>207</ymin>
			<xmax>837</xmax>
			<ymax>254</ymax>
		</bndbox>
	</object>
</annotation>
