<annotation>
	<folder>output_ok_cases_204.67</folder>
	<filename>CERTIF_HHN_1955_AEB_20220301_173711_666.929_event_Signal_name1_Motorway_Begin_Origin.jpg</filename>
	<path>C:\Users\z040320\Downloads\204.67\output_ok_cases_204.67\CERTIF_HHN_1955_AEB_20220301_173711_666.929_event_Signal_name1_Motorway_Begin_Origin.jpg</path>
	<source>
		<database>Unknown</database>
	</source>
	<Location>
		<type>Country</type>
	</Location>
	<Environment>
		<type>Sunny</type>
	</Environment>
	<size>
		<width>1280</width>
		<height>720</height>
		<depth>3</depth>
	</size>
	<segmented>0</segmented>
	<object>
		<name>Motorway_Begin</name>
		<pose>Unspecified</pose>
		<truncated>0</truncated>
		<difficult>0</difficult>
		<bndbox>
			<xmin>255</xmin>
			<ymin>201</ymin>
			<xmax>310</xmax>
			<ymax>273</ymax>
		</bndbox>
	</object>
</annotation>
